New York NY;Los AngelesCA;ChicagoIL;Houston TX;PhoenixAZ;PhiladelphiaPA;San AntonioTX;San DiegoCA;Dallas TX;San JoseCA;Austin TX;JacksonvilleFL;Fort WorthTX;ColumbusOH;IndianapolisIN;CharlotteNC;San FranciscoCA;Seattle WA;DenverCO;WashingtonDC;Boston MA;El PasoTX;NashvilleTN;Detroit MI;Oklahoma CityOK;PortlandOR;Las VegasNV;MemphisTN;LouisvilleKY;BaltimoreMD;MilwaukeeWI;AlbuquerqueNM;TucsonAZ;Fresno CA;SacramentoCA;Mesa AZ;Kansas CityMO;AtlantaGA;OmahaNE;Colorado SpringsCO;RaleighNC;Miami FL;Long BeachCA;Virginia BeachVA;OaklandCA;MinneapolisMN;Tulsa OK;ArlingtonTX;New OrleansLA;Wichita KS;
ClevelandOH;TampaFL;BakersfieldCA;Aurora CO;HonoluluHI;AnaheimCA;Santa AnaCA;Corpus ChristiTX;RiversideCA;LexingtonKY;StocktonCA;HendersonNV;Saint PaulMN;St. LouisMO;CincinnatiOH;PittsburghPA;GreensboroNC;AnchorageAK;Plano TX;Lincoln NE;OrlandoFL;Irvine CA;Newark NJ;Toledo OH;DurhamNC;Chula VistaCA;Fort WayneIN;Jersey CityNJ;St. PetersburgFL;Laredo TX;MadisonWI;ChandlerAZ;Buffalo NY;LubbockTX;ScottsdaleAZ;Reno NV;GlendaleAZ;Gilbert AZ;Winston-SalemNC;North Las VegasNV;Norfolk VA;ChesapeakeVA;GarlandTX;Irving TX;HialeahFL;FremontCA;Boise ID;RichmondVA;Baton RougeLA;SpokaneWA;Des MoinesIA;
Tacoma WA;San BernardinoCA;ModestoCA;FontanaCA;Santa ClaritaCA;BirminghamAL;Oxnard CA;FayettevilleNC;Moreno ValleyCA;RochesterNY;GlendaleCA;Huntington BeachCA;Salt Lake CityUT;Grand RapidsMI;AmarilloTX;YonkersNY;Aurora IL;MontgomeryAL;Akron OH;Little RockAR;HuntsvilleAL;AugustaGA;Port St. LucieFL;Grand PrairieTX;ColumbusGA;TallahasseeFL;Overland ParkKS;Tempe AZ;McKinneyTX;Mobile AL;Cape CoralFL;ShreveportLA;Frisco TX;
KnoxvilleTN;WorcesterMA;BrownsvilleTX;VancouverWA;Fort LauderdaleFL;Sioux FallsSD;OntarioCA;ChattanoogaTN;ProvidenceRI;Newport NewsVA;Rancho CucamongaCA;Santa RosaCA;OceansideCA;Salem OR;Elk GroveCA;Garden GroveCA;Pembroke PinesFL;Peoria AZ;EugeneOR;Corona CA;Cary NC;SpringfieldMO;Fort CollinsCO;JacksonMS;AlexandriaVA;HaywardCA;ClarksvilleTN;LakewoodCO;LancasterCA;SalinasCA;PalmdaleCA;HollywoodFL;SpringfieldMA;Macon GA;Kansas CityKS;
SunnyvaleCA;PomonaCA;Killeen TX;EscondidoCA;PasadenaTX;NapervilleIL;Bellevue WA;Joliet IL;MurfreesboroTN;MidlandTX;RockfordIL;PatersonNJ;SavannahGA;BridgeportCT;TorranceCA;McAllenTX;SyracuseNY;SurpriseAZ;Denton TX;RosevilleCA;ThorntonCO;MiramarFL;PasadenaCA;MesquiteTX;Olathe KS;Dayton OH;CarrolltonTX;Waco TX;OrangeCA;FullertonCA;CharlestonSC;West Valley CityUT;Visalia CA;HamptonVA;GainesvilleFL;Warren MI;Coral SpringsFL;Cedar RapidsIA;Round RockTX;Sterling HeightsMI;Kent WA;ColumbiaSC;Santa ClaraCA;New HavenCT;StamfordCT;ConcordCA;ElizabethNJ;Athens GA;Thousand OaksCA;LafayetteLA;Simi ValleyCA;TopekaKS;
NormanOK;Fargo ND;BerkeleyCA;Vallejo CA;AbileneTX;ColumbiaMO;Ann ArborMI;AllentownPA;EvansvilleIN;BeaumontTX;OdessaTX;WilmingtonNC;ArvadaCO;IndependenceMO;Provo UT;LansingMI;El MonteCA;SpringfieldIL;Fairfield CA;ClearwaterFL;Peoria IL;RochesterMN;CarlsbadCA;WestminsterCO;West JordanUT;PearlandTX;RichardsonTX;DowneyCA;Miami GardensFL;TemeculaCA;Costa MesaCA;College StationTX;Elgin IL;Murrieta CA;GreshamOR;High PointNC;AntiochCA;InglewoodCA;CambridgeMA;Lowell MA;ManchesterNH;Billings MT;Pueblo CO;Palm BayFL;CentennialCO;RichmondCA;
VenturaCA;Pompano BeachFL;North CharlestonSC;Everett WA;WaterburyCT;West Palm BeachFL;BoulderCO;West CovinaCA;Broken ArrowOK;Clovis CA;Daly CityCA;LakelandFL;Santa MariaCA;NorwalkCA;Sandy SpringsGA;HillsboroOR;Green BayWI;Tyler TX;TorontoON;MontrealQC;VancouverBC;CalgaryAB;EdmontonAB;Ottawa ON;WinnipegMB;Quebec CityQC;
HamiltonON;KitchenerON;LondonON;VictoriaBC;Halifax NS;OshawaON;WindsorON;SaskatoonSK;St. CatharinesON;ReginaSK;St. John'sNL;SudburyON;SherbrookeQC;Barrie ON;KelownaBC;AbbotsfordBC;KingstonON;KanataON;Trois-RivièresQC;GuelphON;MonctonNB;BrantfordON;Saint JohnNB;Thunder BayON;PeterboroughON;LethbridgeAB;Niagara FallsON;KamloopsBC;Prince GeorgeBC;Sarnia ON;DrummondvilleQC;ChicoutimiQC;Red DeerAB;Medicine HatAB;GranbyQC;FrederictonNB;ChilliwackBC;Saint-JérômeQC;North BayON;ShawiniganQC;CornwallON;BellevilleON;CharlottetownPE;Sault Ste. MarieON;TimminsON;Saint-HyacintheQC;WoodstockON;Beloeil QC;RimouskiQC;
VictoriavilleQC;WhitehorseYT;PentictonBC;Orillia ON;CourtenayBC;Campbell RiverBC;Moose JawSK;LloydminsterAB;YellowknifeNT;EstevanSK;Fort McMurrayAB;Iqaluit NU;Swift CurrentSK;SummersidePE;ThompsonMB;Corner BrookNL;Labrador CityNL;BathurstNB;EdmundstonNB;Sept-ÎlesQC;Val-d'OrQC;Rouyn-NorandaQC;Dawson CreekBC;Fort St. JohnBC;CranbrookBC;QuesnelBC;Williams LakeBC;Port AlberniBC;Powell RiverBC;Prince RupertBC;TerraceBC;Kitimat BC;SmithersBC;RevelstokeBC;Nelson BC;CastlegarBC;Trail BC;GoldenBC;InvermereBC;Fernie BC;KimberleyBC;CrestonBC;Grand ForksBC;OsoyoosBC;Oliver BC;PrincetonBC;Merritt BC;Hope BC;SquamishBC;WhistlerBC;PembertonBC;SecheltBC;GibsonsBC;ParksvilleBC;Qualicum BeachBC;
LadysmithBC;DuncanBC;Sidney BC;Sooke BC;Port HardyBC;Port McNeillBC;Alert BayBC;Tofino BC;UclueletBC;BamfieldBC;Port RenfrewBC;Lake CowichanBC;ChemainusBC;CroftonBC;Shawnigan LakeBC;Mill BayBC;Cobble HillBC;MalahatBC;Brentwood BayBC;North SaanichBC;Central SaanichBC;MetchosinBC;HighlandsBC;LangfordBC;ColwoodBC;View RoyalBC;EsquimaltBC;SaanichBC;Oak BayBC;Victoria BC;Sooke BC;Port AlberniBC;NanaimoBC;LantzvilleBC;ParksvilleBC;Qualicum BeachBC;CourtenayBC;
Comox BC;CumberlandBC;Campbell RiverBC;Port HardyBC;Port McNeillBC;Alert BayBC;SointulaBC;Port AliceBC;Coal HarbourBC;HolbergBC;Winter HarbourBC;ZeballosBC;Tahsis BC;Gold RiverBC;SaywardBC;Kelsey BayBC;Woss BC;Telegraph CoveBC;Squirrel CoveBC;WhaletownBC;Manson's LandingBC;
Heriot BayBC;Quathiaski CoveBC;Cape MudgeBC;Granville FerryNS;Annapolis RoyalNS;BridgetownNS;MiddletonNS;KingstonNS;GreenwoodNS;BerwickNS;KentvilleNS;New MinasNS;WolfvilleNS;HantsportNS;WindsorNS;FalmouthNS;Mount UniackeNS;Enfield NS;ElmsdaleNS;ShubenacadieNS;StewiackeNS;Truro NS;Bible HillNS;TatamagoucheNS;PugwashNS;AmherstNS;SpringhillNS;Oxford NS;ParrsboroNS;Advocate HarbourNS;JogginsNS;River HebertNS;MaccanNS;NappanNS;Shubenacadie EastNS;Lantz NS;Milford NS;Shubenacadie WestNS;Stewiacke EastNS;BrookfieldNS;Middle StewiackeNS;Upper StewiackeNS;Lower TruroNS;Truro HeightsNS;Valley NS;Salmon RiverNS;North RiverNS;Bible HillNS;Onslow NS;Debert NS;MasstownNS;Great VillageNS;Bass RiverNS;EconomyNS;Five IslandsNS;
Lower EconomyNS;Upper EconomyNS;ParrsboroNS;Diligent RiverNS;Port GrevilleNS;Fox RiverNS;Advocate HarbourNS;Spencer's IslandNS;Apple RiverNS;JogginsNS;River HebertNS;MaccanNS;NappanNS;AmherstNS;Amherst PointNS;Amherst ShoreNS;Linden NS;TidnishNS;Tidnish BridgeNS;Baie VerteNS;Port ElginNB;Cape TormentineNB;BayfieldNB;Murray CornerNB;Little ShemogueNB;ShemogueNB;Cap-PeléNB;ShediacNB;Shediac BridgeNB;Shediac CapeNB;CocagneNB;Notre-DameNB;AmsterdamNetherlands; Andorra la VellaAndorra; AthensGreece; BelgradeSerbia; BerlinGermany; BernSwitzerland; BratislavaSlovakia; BrusselsBelgium; BucharestRomania; BudapestHungary; ChisinauMoldova; CopenhagenDenmark; DublinIreland; HelsinkiFinland; KyivUkraine; LisbonPortugal; LjubljanaSlovenia; LondonUnited Kingdom; Luxembourg CityLuxembourg; MadridSpain; MinskBelarus;
MonacoMonaco; MoscowRussia; OsloNorway; ParisFrance; PodgoricaMontenegro; PragueCzech Republic; PristinaKosovo; ReykjavikIceland; RigaLatvia; RomeItaly; San MarinoSan Marino; SarajevoBosnia and Herzegovina; SkopjeNorth Macedonia; SofiaBulgaria; StockholmSweden; TallinnEstonia; TbilisiGeorgia; TiranaAlbania; VaduzLiechtenstein; VallettaMalta; ViennaAustria; VilniusLithuania; WarsawPoland; YerevanArmenia; ZagrebCroatia;SydneyAustralia; MelbourneAustralia; BrisbaneAustralia; PerthAustralia; AdelaideAustralia; AucklandNew Zealand; WellingtonNew Zealand; ChristchurchNew Zealand; SuvaFiji; Port MoresbyPapua New Guinea; HoniaraSolomon Islands; ApiaSamoa; NukuʻalofaTonga; NouméaNew Caledonia; PapeeteFrench Polynesia;
Pago PagoAmerican Samoa; MajuroMarshall Islands; PalikirFederated States of Micronesia; TarawaKiribati; FunafutiTuvalu; YarenNauru; Port VilaVanuatu; NgerulmudPalau;LagosNigeria; CairoEgypt; JohannesburgSouth Africa; NairobiKenya; AccraGhana; Addis AbabaEthiopia; CasablancaMorocco; AlgiersAlgeria; Cape TownSouth Africa; DurbanSouth Africa; Dar es SalaamTanzania; KhartoumSudan; LuandaAngola; KampalaUganda; DakarSenegal; AbidjanCôte d'Ivoire;TunisTunisia; WindhoekNamibia; GaboroneBotswana; MaputoMozambique; LusakaZambia; HarareZimbabwe; BamakoMali; AntananarivoMadagascar; NouakchottMauritania; ConakryGuinea; LibrevilleGabon; KinshasaDemocratic Republic of the Congo; BrazzavilleRepublic of the Congo; OuagadougouBurkina Faso;
FreetownSierra Leone; MonroviaLiberia; DjiboutiDjibouti; N'DjamenaChad; AsmaraEritrea; MogadishuSomalia; TripoliLibya; RabatMorocco; BujumburaBurundi; Porto-NovoBenin; LoméTogo; MalaboEquatorial Guinea; BanguiCentral African Republic; VictoriaSeychelles; PraiaCape Verde; São ToméSão Tomé and Príncipe; JubaSouth Sudan; LilongweMalawi; DodomaTanzania;StockholmSweden; GothenburgSweden; MalmöSweden; UppsalaSweden; VästeråsSweden; ÖrebroSweden; LinköpingSweden; HelsingborgSweden; JönköpingSweden; NorrköpingSweden; OsloNorway; BergenNorway; TrondheimNorway; StavangerNorway; DrammenNorway; KristiansandNorway; TromsøNorway; FredrikstadNorway; SandnesNorway;
ÅlesundNorway; CopenhagenDenmark; AarhusDenmark; OdenseDenmark; AalborgDenmark; EsbjergDenmark; RandersDenmark; KoldingDenmark; HorsensDenmark; VejleDenmark; HelsinkiFinland; EspooFinland; TampereFinland; VantaaFinland; OuluFinland; TurkuFinland; JyväskyläFinland; LahtiFinland; KuopioFinland; PoriFinland; ReykjavikIceland; KópavogurIceland; HafnarfjörðurIceland; AkureyriIceland; ReykjanesbærIceland;MumbaiMaharashtra; DelhiDelhi; BangaloreKarnataka; HyderabadTelangana; AhmedabadGujarat;
ChennaiTamil Nadu; KolkataWest Bengal; SuratGujarat; PuneMaharashtra; JaipurRajasthan; LucknowUttar Pradesh; KanpurUttar Pradesh; NagpurMaharashtra; IndoreMadhya Pradesh; ThaneMaharashtra; BhopalMadhya Pradesh; VisakhapatnamAndhra Pradesh; Pimpri-ChinchwadMaharashtra; PatnaBihar; VadodaraGujarat; GhaziabadUttar Pradesh; LudhianaPunjab; AgraUttar Pradesh; NashikMaharashtra; FaridabadHaryana; MeerutUttar Pradesh; RajkotGujarat; Kalyan-DombivliMaharashtra; Vasai-VirarMaharashtra; VaranasiUttar Pradesh; SrinagarJammu and Kashmir; AurangabadMaharashtra; DhanbadJharkhand; AmritsarPunjab; Navi MumbaiMaharashtra; AllahabadUttar Pradesh; RanchiJharkhand; HowrahWest Bengal; CoimbatoreTamil Nadu; JabalpurMadhya Pradesh; GwaliorMadhya Pradesh;
VijayawadaAndhra Pradesh; JodhpurRajasthan; MaduraiTamil Nadu; RaipurChhattisgarh; KotaRajasthan; GuwahatiAssam; ChandigarhChandigarh; SolapurMaharashtra; Hubli-DharwadKarnataka; BareillyUttar Pradesh; MoradabadUttar Pradesh; MysoreKarnataka; GurgaonHaryana; AligarhUttar Pradesh;JalandharPunjab; TiruchirappalliTamil Nadu; BhubaneswarOdisha; SalemTamil Nadu; Mira-BhayandarMaharashtra; ThiruvananthapuramKerala; BhiwandiMaharashtra; SaharanpurUttar Pradesh; GorakhpurUttar Pradesh; GunturAndhra Pradesh; BikanerRajasthan; AmravatiMaharashtra; NoidaUttar Pradesh; JamshedpurJharkhand; BhilaiChhattisgarh; WarangalTelangana; CuttackOdisha; FirozabadUttar Pradesh; KochiKerala; BhavnagarGujarat; DehradunUttarakhand; DurgapurWest Bengal; AsansolWest Bengal; NandedMaharashtra; KolhapurMaharashtra;
AjmerRajasthan; GulbargaKarnataka; JamnagarGujarat; UjjainMadhya Pradesh; LoniUttar Pradesh; SiliguriWest Bengal; JhansiUttar Pradesh; UlhasnagarMaharashtra; NelloreAndhra Pradesh; JammuJammu and Kashmir; Sangli-Miraj & KupwadMaharashtra; BelgaumKarnataka; MangaloreKarnataka; AmbatturTamil Nadu; TirunelveliTamil Nadu; MalegaonMaharashtra; GayaBihar; JalgaonMaharashtra; UdaipurRajasthan; MaheshtalaWest Bengal; DavanagereKarnataka; KozhikodeKerala; AkolaMaharashtra; KurnoolAndhra Pradesh; RajahmundryAndhra Pradesh; BokaroJharkhand; South DumdumWest Bengal; BellaryKarnataka; PatialaPunjab; GopalpurWest Bengal; AgartalaTripura; BhagalpurBihar; MuzaffarpurBihar; BhatparaWest Bengal; PanihatiWest Bengal; LaturMaharashtra; DhuleMaharashtra; TirupatiAndhra Pradesh; RohtakHaryana; KorbaChhattisgarh; BhiwaniHaryana; Bokaro Steel CityJharkhand; RampurUttar Pradesh;
ShahjahanpurUttar Pradesh; New DelhiDelhi; KakinadaAndhra Pradesh; BhavnagarGujarat; ThrissurKerala; AlwarRajasthan; TumkurKarnataka; HisarHaryana; KarnalHaryana; BathindaPunjab; VelloreTamil Nadu; AkolaMaharashtra; GulbargaKarnataka; NizamabadTelangana; ThanjavurTamil Nadu; TiruvottiyurTamil Nadu; KamarhatiWest Bengal; BilaspurChhattisgarh; MathuraUttar Pradesh; KollamKerala; AvadiTamil Nadu; KadapaAndhra Pradesh; KultiWest Bengal; Rajpur SonarpurWest Bengal; RajnandgaonChhattisgarh; SambalpurOdisha; NadiadGujarat; SecunderabadTelangana; KharagpurWest Bengal; DindigulTamil Nadu; GandhidhamGujarat;
DavanagereKarnataka; Bokaro Steel CityJharkhand; SingrauliMadhya Pradesh; NagaonAssam; ThoothukudiTamil Nadu; KatiharBihar; KumbakonamTamil Nadu; HapurUttar Pradesh; KarimnagarTelangana; SatnaMadhya Pradesh; NaihatiWest Bengal; PanvelMaharashtra; DarbhangaBihar; AizawlMizoram; DewasMadhya Pradesh;
IchalkaranjiMaharashtra; TirupatiAndhra Pradesh; KarnalHaryana; BathindaPunjab; JalnaMaharashtra; EluruAndhra Pradesh; BarasatWest Bengal; Kirari Suleman NagarDelhi; PurniaBihar; SataraMaharashtra; AmbalaHaryana; GandhinagarGujarat; ErodeTamil Nadu; KamarhatiWest Bengal; BilaspurChhattisgarh; MathuraUttar Pradesh; KollamKerala; AvadiTamil Nadu; KadapaAndhra Pradesh; KultiWest Bengal; Rajpur SonarpurWest Bengal;
RajnandgaonChhattisgarh; SambalpurOdisha; NadiadGujarat; SecunderabadTelangana; KharagpurWest Bengal; DindigulTamil Nadu; GandhidhamGujarat; DavanagereKarnataka; Bokaro Steel CityJharkhand; SingrauliMadhya Pradesh; NagaonAssam; ThoothukudiTamil Nadu; KatiharBihar; KumbakonamTamil Nadu; HapurUttar Pradesh; KarimnagarTelangana; SatnaMadhya Pradesh; NaihatiWest Bengal; PanvelMaharashtra; DarbhangaBihar; AizawlMizoram; DewasMadhya Pradesh; IchalkaranjiMaharashtra; TirupatiAndhra Pradesh; KarnalHaryana; BathindaPunjab; JalnaMaharashtra; EluruAndhra Pradesh; BarasatWest Bengal; Kirari Suleman NagarDelhi; PurniaBihar; SataraMaharashtra; AmbalaHaryana; GandhinagarGujarat; ErodeTamil Nadu; KamarhatiWest Bengal; BilaspurChhattis; SeoulSouth Korea; BusanSouth Korea;
IncheonSouth Korea; DaeguSouth Korea; DaejeonSouth Korea; GwangjuSouth Korea; SuwonSouth Korea; UlsanSouth Korea; ChangwonSouth Korea; JeonjuSouth Korea; TaipeiTaiwan; KaohsiungTaiwan; TaichungTaiwan; TainanTaiwan; HsinchuTaiwan; KeelungTaiwan; TaoyuanTaiwan; New TaipeiTaiwan; Hong KongHong Kong; KowloonHong Kong; Tsuen WanHong Kong; MacauMacau; UlaanbaatarMongolia; ErdenetMongolia; DarkhanMongolia; ChoibalsanMongolia